1505144538.6169927, -6.511450381679389, 1.9312977099236641, 2.687022900763359, 62.73157596588135
1505144538.7242413, -3.015267175572519, 0.29770992366412213, 3.8396946564885495, 62.78473138809204
1505144538.8314126, 1.916030534351145, 4.427480916030534, 3.5877862595419847, 62.69477605819702
1505144538.9386096, -0.05343511450381679, 5.9541984732824424, 2.312977099236641, 62.57619857788086
1505144539.0459306, -2.4122137404580153, 7.076335877862595, -2.3740458015267176, 62.60073184967041
1505144539.1531157, 8.374045801526718, 0.31297709923664124, -3.7786259541984735, 63.30810785293579
1505144539.260578, 7.282442748091603, -16.18320610687023, -1.6030534351145038, 62.53939867019653
1505144539.3681104, 4.679389312977099, -15.80916030534351, 15.84732824427481, 62.498509883880615
1505144539.4756272, -12.351145038167939, -25.48854961832061, 10.244274809160306, 61.62757873535156
1505144539.5830047, -7.809160305343512, 36.6412213740458, 0.648854961832061, 61.6071343421936
1505144539.6903832, 47.83206106870229, 8.580152671755725, 10.32824427480916, 60.151493549346924
1505144539.7976828, -13.916030534351146, -24.572519083969464, 3.3053435114503817, 58.18883180618286
1505144539.9048324, 1.1145038167938932, -3.068702290076336, 24.900763358778626, 55.032217502593994
1505144540.0118232, -12.061068702290076, -20.610687022900763, 22.328244274809162, 51.4421820640564
1505144540.1190128, -0.6183206106870229, -0.16030534351145037, 2.8702290076335877, 48.342812061309814
1505144540.2257764, 12.34351145038168, 13.091603053435115, 8.80916030534351, 46.19615077972412
1505144540.3322597, 7.061068702290076, -9.541984732824428, -3.2061068702290076, 45.795440673828125
1505144540.4387074, -21.03053435114504, -10.916030534351146, -10.473282442748092, 45.32930850982666
1505144540.5451512, -8.206106870229007, -6.213740458015267, 4.00763358778626, 45.819973945617676
1505144540.6517596, 0.9083969465648855, 11.351145038167939, 16.396946564885496, 46.42103910446167
1505144540.7582457, -10.778625954198473, 8.038167938931299, 9.687022900763358, 46.19206190109253
1505144540.8647118, 1.297709923664122, 13.587786259541986, 15.312977099236642, 45.043087005615234
1505144540.971096, -3.0839694656488548, 5.076335877862595, 16.53435114503817, 44.405221939086914
1505144541.0774834, -2.9083969465648853, 15.053435114503817, 19.206106870229007, 43.77962350845337
1505144541.1838274, -15.633587786259541, 3.564885496183206, 13.229007633587786, 43.33393573760986
1505144541.2901402, -5.519083969465649, 2.8244274809160306, 14.32824427480916, 43.05180311203003
1505144541.3968875, 4.702290076335878, 7.190839694656488, 21.50381679389313, 43.34620237350464
1505144541.5032215, -3.7709923664122136, -10.381679389312977, 18.65648854961832, 43.881845474243164
1505144541.6095514, 4.358778625954199, -1.099236641221374, 16.442748091603054, 43.57926845550537
1505144541.715936, -4.641221374045801, 4.427480916030534, 16.740458015267176, 43.98815631866455
1505144541.8224008, 2.2977099236641223, 1.3053435114503817, 19.99236641221374, 44.62193250656128
1505144541.928775, -9.50381679389313, -1.83206106870229, 14.19083969465649, 44.82637643814087
1505144542.0351422, -8.473282442748092, 3.0381679389312977, 13.396946564885496, 44.64237689971924
1505144542.1415808, -4.473282442748092, -1.534351145038168, 6.9465648854961835, 44.41748857498169
1505144542.2479365, -1.6106870229007633, 1.9312977099236641, 11.694656488549619, 45.11668682098389
1505144542.3543932, 0.44274809160305345, 1.3358778625954197, 13.183206106870228, 45.26388645172119
1505144542.460802, -3.9618320610687023, -4.3816793893129775, 12.267175572519085, 45.680952072143555
1505144542.5676584, 0.09923664122137404, -3.427480916030534, 14.84732824427481, 47.12841510772705
1505144542.674333, -2.0610687022900764, -4.32824427480916, 16.076335877862597, 46.10210657119751
1505144542.780791, -0.25190839694656486, 2.6717557251908395, 17.03053435114504, 68.16160678863525
1505144542.8886156, -0.007633587786259542, -0.8778625954198473, 15.992366412213741, 47.16521501541138
1505144542.9952698, 1.16793893129771, -0.2366412213740458, 13.572519083969466, 66.66916608810425
1505144543.1029658, -0.8396946564885496, -2.786259541984733, 14.320610687022901, 66.01494550704956
1505144543.2105987, -3.8244274809160306, 1.8702290076335877, 11.419847328244275, 65.56925773620605
1505144543.3181636, -4.251908396946565, -1.5267175572519085, 11.80916030534351, 64.55521583557129
1505144543.425691, -1.381679389312977, 0.015267175572519083, 11.923664122137405, 64.45708274841309
1505144543.533203, -2.2519083969465647, -3.984732824427481, 10.82442748091603, 64.01139497756958
1505144543.6407053, 1.366412213740458, -3.8473282442748094, 12.236641221374045, 63.18953037261963
1505144543.7481658, 0.24427480916030533, -0.45038167938931295, 11.977099236641221, 62.64162063598633
1505144543.8557224, 1.8931297709923665, 1.9541984732824427, 14.358778625954198, 62.18775510787964
1505144543.9631245, -2.7099236641221376, -0.9389312977099237, 9.244274809160306, 61.8565559387207
1505144544.0704873, -1.0763358778625953, -0.6335877862595419, 9.992366412213741, 62.134599685668945
1505144544.1780045, -1.5648854961832062, 0.7709923664122137, 10.83206106870229, 61.41904592514038
1505144544.2854753, -3.045801526717557, 0.2366412213740458, 10.48091603053435, 61.038780212402344
1505144544.3928106, -1.9923664122137406, 0.7404580152671756, 13.083969465648854, 61.75433397293091
1505144544.5001626, -4.5038167938931295, 0.37404580152671757, 9.664122137404581, 62.17548847198486
1505144544.6075428, -3.7557251908396947, -3.854961832061069, 9.114503816793894, 64.01957273483276
1505144544.7150273, -1.5954198473282444, -0.9465648854961832, 11.938931297709924, 64.51841592788696
1505144544.8225482, -1.6488549618320612, 0.5801526717557252, 6.4961832061068705, 76.47838592529297
1505144544.930773, -0.5648854961832062, -1.3587786259541985, 10.0, 74.38079118728638
1505144545.0390494, -2.3282442748091605, -0.16793893129770993, 7.473282442748092, 74.75287914276123
1505144545.1472225, -2.045801526717557, 1.7404580152671756, 3.9083969465648853, 74.74470138549805
1505144545.2553558, -1.366412213740458, 4.244274809160306, 5.603053435114504, 72.50399589538574
1505144545.3633578, -2.5801526717557253, 3.66412213740458, 9.16793893129771, 96.61202430725098
1505144545.4728906, -0.5190839694656488, 2.450381679389313, 7.580152671755725, 73.06008338928223
1505144545.5809128, -3.015267175572519, 2.2900763358778624, 6.221374045801527, 93.91336441040039
1505144545.6901443, -3.5801526717557253, 0.20610687022900764, 7.183206106870229, 94.42038536071777
1505144545.799405, -3.5877862595419847, 3.946564885496183, 6.885496183206107, 96.6529130935669
1505144545.9088607, -0.9007633587786259, 4.122137404580153, 6.793893129770993, 93.62714290618896
1505144546.0181768, -1.9541984732824427, 3.8244274809160306, 6.656488549618321, 94.16687488555908
1505144546.127461, 1.4122137404580153, 6.99236641221374, 11.732824427480915, 93.38589906692505
1505144546.2368648, -5.534351145038168, -0.5343511450381679, 6.038167938931298, 98.71370792388916
1505144546.3466995, 0.5343511450381679, 0.7251908396946565, 6.129770992366412, 94.68616247177124
1505144546.4560223, -0.5648854961832062, 0.42748091603053434, 3.7557251908396947, 94.87425088882446
1505144546.5654118, -1.6106870229007633, -3.1526717557251906, 1.6717557251908397, 95.90873718261719
1505144546.675286, 0.8854961832061069, -0.8549618320610687, 1.618320610687023, 94.43265199661255
1505144546.7845986, -0.19083969465648856, 2.068702290076336, 3.1526717557251906, 96.17451429367065
1505144546.8942971, -3.427480916030534, 1.3511450381679388, 2.946564885496183, 96.12953662872314
1505144547.003691, -1.3435114503816794, -0.7480916030534351, 5.564885496183206, 98.27210903167725
1505144547.1135077, -4.068702290076335, -1.8091603053435115, 3.2595419847328246, 96.35851383209229
1505144547.223227, -6.770992366412214, -0.732824427480916, 7.740458015267175, 95.33220529556274
1505144547.3326204, -4.862595419847328, 3.0763358778625953, 4.244274809160306, 94.88242864608765
1505144547.4425225, -0.9465648854961832, -2.1755725190839694, 4.114503816793893, 94.59211826324463
1505144547.5519009, -4.152671755725191, -3.183206106870229, 2.618320610687023, 95.48349380493164
1505144547.6620204, -2.0076335877862594, 2.2442748091603053, 1.183206106870229, 96.44438028335571
1505144547.7714913, 1.0381679389312977, -0.9465648854961832, 4.801526717557252, 96.53842449188232
1505144547.8813765, -4.038167938931298, -4.900763358778626, 8.748091603053435, 96.37078046798706
1505144547.9908478, -0.6641221374045801, -0.7633587786259542, 14.564885496183207, 97.21717834472656
1505144548.10058, -2.4580152671755724, 2.5572519083969465, 14.396946564885496, 98.76277446746826
1505144548.210132, -10.557251908396946, -12.404580152671755, 14.297709923664122, 96.6529130935669
1505144548.319838, -0.8015267175572519, -3.9083969465648853, 11.610687022900763, 96.96366786956787
1505144548.4292903, -1.2213740458015268, -0.3893129770992366, 11.030534351145038, 96.03140354156494
1505144548.5390062, -1.2213740458015268, -5.534351145038168, 9.511450381679388, 97.33984470367432
1505144548.648768, -4.343511450381679, -5.587786259541985, 4.3893129770992365, 95.82695960998535
1505144548.7582142, 0.35877862595419846, -0.007633587786259542, 3.16793893129771, 100.18161535263062
1505144548.8681269, -1.1755725190839694, -0.9541984732824428, 3.786259541984733, 106.13911151885986
1505144548.9781318, -1.1297709923664123, 3.366412213740458, 5.679389312977099, 111.53234243392944
1505144549.0886137, -2.053435114503817, 2.3969465648854964, 6.419847328244275, 114.97926712036133
1505144549.1994247, -1.0610687022900764, -0.5801526717557252, 5.564885496183206, 106.4171552658081
1505144549.3094509, -7.786259541984733, -1.1450381679389312, 0.6717557251908397, 105.9224009513855
1505144549.4197483, -1.7786259541984732, 2.267175572519084, 4.9541984732824424, 109.14034843444824
1505144549.529928, -2.435114503816794, -0.5877862595419847, 3.198473282442748, 102.75760889053345
1505144549.6401029, -0.5954198473282443, 2.9083969465648853, 1.6641221374045803, 109.99492406845093
1505144549.750422, -2.068702290076336, 1.1984732824427482, 1.3129770992366412, 116.2917971611023
1505144549.8612244, -1.282442748091603, 0.3893129770992366, 5.137404580152672, 106.53982162475586
1505144549.9712768, -1.8473282442748091, 1.2900763358778626, 7.5038167938931295, 101.75583362579346
1505144550.0810828, -1.3435114503816794, -1.015267175572519, 9.603053435114504, 132.82313346862793
1505144550.193178, -6.908396946564886, -0.04580152671755725, 9.664122137404581, 107.43937492370605
1505144550.3033373, -5.198473282442748, -1.2671755725190839, 10.854961832061068, 132.67184495925903
1505144550.415155, -3.9389312977099236, 0.0916030534351145, 10.32824427480916, 133.41193199157715
1505144550.5267336, 0.4732824427480916, -0.6259541984732825, 12.572519083969466, 133.0398440361023
1505144550.63856, -0.48854961832061067, 1.6717557251908397, 10.16793893129771, 131.5474033355713
1505144550.750029, 3.3206106870229006, -0.19083969465648856, 13.458015267175572, 130.7950496673584
1505144550.8616085, -1.717557251908397, -1.3893129770992367, 7.099236641221374, 130.5456280708313
1505144550.9730446, 2.9923664122137406, -2.3282442748091605, 16.68702290076336, 129.52749729156494
1505144551.0848913, -7.038167938931298, 1.1603053435114503, 6.374045801526718, 128.07594537734985
1505144551.1961641, -2.4122137404580153, 2.0763358778625953, 5.885496183206107, 128.4030556678772
1505144551.3077376, -3.1603053435114505, -1.8702290076335877, 4.572519083969466, 126.28910541534424
1505144551.419079, -2.6259541984732824, 1.1297709923664123, 1.213740458015267, 126.9596815109253
1505144551.5306866, -5.061068702290076, -9.763358778625955, 0.732824427480916, 125.04199743270874
1505144551.641798, -4.908396946564886, -1.4809160305343512, -0.6870229007633588, 125.03790855407715
1505144551.7531703, 3.6030534351145036, 4.755725190839694, 2.427480916030534, 123.77853393554688
1505144551.864488, 2.068702290076336, -5.2748091603053435, 3.763358778625954, 123.53320121765137
1505144551.9754932, 2.099236641221374, 0.0916030534351145, 0.6870229007633588, 124.39186573028564
1505144552.0865684, 1.3358778625954197, 1.0458015267175573, 8.038167938931299, 124.73124265670776
1505144552.1977298, -1.1374045801526718, -2.9770992366412212, 2.969465648854962, 126.12555027008057
1505144552.3093174, -1.297709923664122, -1.8702290076335877, 3.564885496183206, 124.01160001754761
1505144552.4203503, 0.03816793893129771, 0.2900763358778626, 5.0458015267175576, 123.74582290649414
1505144552.5316641, -0.06870229007633588, 0.5267175572519084, 4.984732824427481, 124.5635986328125
1505144552.64285, -2.8244274809160306, -1.2595419847328244, 4.282442748091603, 124.8620867729187
1505144552.75423, -0.7175572519083969, -1.1755725190839694, 3.8091603053435112, 124.42866563796997
1505144552.8652868, 0.5190839694656488, 0.9770992366412213, 3.763358778625954, 125.19737482070923
1505144552.9766364, -1.251908396946565, 1.5725190839694656, 4.351145038167939, 126.37497186660767
1505144553.0878015, -1.1374045801526718, 2.122137404580153, 4.099236641221374, 124.93159770965576
1505144553.199135, -1.6641221374045803, 1.3969465648854962, 2.7938931297709924, 123.72537851333618
1505144553.3101711, -2.5343511450381677, 2.946564885496183, 2.7022900763358777, 124.02386665344238
1505144553.421713, -2.0763358778625953, 1.5267175572519085, 2.122137404580153, 123.9625334739685
1505144553.5328183, -3.030534351145038, 0.19083969465648856, 1.6488549618320612, 123.53320121765137
1505144553.6441348, -1.381679389312977, 0.7404580152671756, 2.1374045801526718, 123.42689037322998
1505144553.7551785, -2.6259541984732824, -1.0381679389312977, 2.66412213740458, 122.89533615112305
1505144553.8664603, -2.9160305343511452, -0.6641221374045801, 2.572519083969466, 123.7662672996521
1505144553.9777946, -1.2671755725190839, 0.3435114503816794, 0.03816793893129771, 123.35737943649292
1505144554.088804, -2.312977099236641, 1.4274809160305344, 2.648854961832061, 124.7598648071289
1505144554.200202, 0.5801526717557252, 1.900763358778626, 4.977099236641221, 125.15239715576172
1505144554.3112888, 1.1145038167938932, 1.4732824427480915, 5.0534351145038165, 125.58990716934204
1505144554.4226644, -0.7022900763358778, 4.511450381679389, 6.694656488549619, 125.61852931976318
1505144554.533824, -6.343511450381679, -2.877862595419847, 4.580152671755725, 126.2604832649231
1505144554.6455624, -0.7786259541984732, -0.8854961832061069, 9.236641221374045, 127.9532790184021
1505144554.7568438, -0.366412213740458, 3.2977099236641223, 11.702290076335878, 125.33639669418335
1505144554.8682284, -3.015267175572519, 2.8244274809160306, 8.603053435114504, 123.67631196975708
1505144554.9792614, -4.396946564885496, 2.053435114503817, 8.702290076335878, 123.7662672996521
1505144555.0907586, -4.312977099236641, 2.8091603053435112, 6.1679389312977095, 124.49817657470703
1505144555.2019005, -3.954198473282443, 2.33587786259542, 3.763358778625954, 123.6681342124939
1505144555.3131673, -1.534351145038168, 1.9083969465648856, 2.282442748091603, 124.99293088912964
1505144555.4242709, -1.4961832061068703, 2.0076335877862594, 2.6717557251908395, 124.22831058502197
1505144555.535345, -0.4732824427480916, 0.9694656488549618, 4.763358778625954, 124.68217611312866
1505144555.6464698, -2.4732824427480917, 3.114503816793893, 4.1679389312977095, 124.33462142944336
1505144555.7575715, -2.9618320610687023, 1.1984732824427482, 3.5801526717557253, 126.26457214355469
1505144555.8692775, -1.900763358778626, 1.4885496183206106, 4.297709923664122, 126.3545274734497
1505144555.9804924, -2.114503816793893, 1.0, 3.7022900763358777, 125.7125735282898
1505144556.0916874, -2.954198473282443, -0.0916030534351145, 3.7404580152671754, 125.52039623260498
1505144556.2029035, -3.030534351145038, -0.12213740458015267, 3.7251908396946565, 126.52626037597656
1505144556.3145869, -1.0, 1.0229007633587786, 2.8625954198473282, 127.94919013977051
1505144556.42585, -1.4351145038167938, 0.8625954198473282, 2.618320610687023, 127.78154611587524
1505144556.5373635, -1.2900763358778626, 1.2213740458015268, 2.6030534351145036, 127.06190347671509
1505144556.6485784, 1.8702290076335877, 0.8320610687022901, 3.4580152671755724, 128.02687883377075
1505144556.760139, -1.0687022900763359, 1.6106870229007633, 3.2061068702290076, 128.14136743545532
1505144556.8714166, 0.22137404580152673, 1.4809160305343512, 3.2290076335877864, 223.3999729156494
1505144556.9886212, -2.381679389312977, 1.633587786259542, 2.145038167938931, 219.4255828857422
1505144557.1056812, -2.122137404580153, -0.5877862595419847, 2.687022900763359, 224.39357042312622
1505144557.2225783, -1.6793893129770991, 0.9312977099236641, 4.366412213740458, 225.63658952713013
1505144557.3395934, -1.8396946564885497, 1.0229007633587786, 4.091603053435114, 217.85545349121094
1505144557.456622, -1.4809160305343512, -0.40458015267175573, 3.6564885496183206, 223.73526096343994
1505144557.5734925, -2.0763358778625953, -1.3282442748091603, 3.3587786259541983, 225.7960557937622
1505144557.690491, 0.08396946564885496, -1.3511450381679388, 5.404580152671755, 223.42859506607056
1505144557.8076293, 1.8473282442748091, -1.916030534351145, 5.2748091603053435, 224.58983659744263
1505144557.9248312, -1.618320610687023, -3.0839694656488548, 3.8625954198473282, 223.48583936691284
1505144558.0416698, -2.5114503816793894, -1.5648854961832062, 5.282442748091603, 223.32228422164917
1505144558.1585655, -2.267175572519084, 0.46564885496183206, 5.885496183206107, 221.73579931259155
1505144558.275443, -2.6946564885496183, 0.6259541984732825, 4.687022900763359, 221.49046659469604
1505144558.3922262, -1.6641221374045803, -1.0534351145038168, 4.541984732824427, 221.32691144943237
1505144558.5092661, -0.5572519083969466, -2.7557251908396947, 3.5877862595419847, 221.0693120956421
1505144558.6292267, -0.07633587786259542, 1.366412213740458, 2.854961832061069, 220.5214023590088
1505144558.7459598, -1.5190839694656488, -3.816793893129771, 5.564885496183206, 220.78717947006226
1505144558.8629138, -1.3358778625954197, 1.4809160305343512, 5.687022900763359, 219.80584859848022
1505144558.9795835, -1.4274809160305344, 2.015267175572519, 4.961832061068702, 220.4641580581665
1505144559.09658, -0.22900763358778625, 1.2061068702290076, 5.687022900763359, 220.3128695487976
1505144559.2132306, -2.3282442748091605, 1.381679389312977, 4.519083969465649, 218.78771781921387
1505144559.3300703, -2.2977099236641223, -0.4732824427480916, 4.351145038167939, 219.24158334732056
1505144559.446804, -1.8015267175572518, 0.5114503816793893, 5.534351145038168, 220.99571228027344
1505144559.5635586, -0.8473282442748091, 0.25190839694656486, 5.122137404580153, 219.78949308395386
1505144559.680239, -0.5801526717557252, 0.8473282442748091, 5.305343511450381, 222.04246520996094
1505144559.797029, -1.1221374045801527, 1.3969465648854962, 6.091603053435114, 220.88531255722046
1505144559.9139178, -4.473282442748092, -0.7022900763358778, 4.931297709923665, 220.3210473060608
1505144560.0305934, -3.3893129770992365, -0.4961832061068702, 6.206106870229007, 222.27962017059326
1505144560.1473432, -1.549618320610687, 1.1374045801526718, 6.305343511450381, 222.1610426902771
1505144560.2642112, -1.5038167938931297, 1.0305343511450382, 4.709923664122138, 223.5062837600708
1505144560.381342, -0.32061068702290074, 1.8549618320610688, 4.931297709923665, 223.78432750701904
1505144560.498248, -1.5801526717557253, 0.3053435114503817, 5.824427480916031, 221.6090440750122
1505144560.6150928, -0.22900763358778625, -1.9541984732824427, 3.7251908396946565, 222.23873138427734
1505144560.7320185, -3.1908396946564888, -1.3969465648854962, 3.183206106870229, 222.46770858764648
1505144560.8487887, -0.8091603053435115, -2.549618320610687, 2.236641221374046, 222.23464250564575
1505144560.9656258, -2.1755725190839694, -1.717557251908397, 6.549618320610687, 221.68673276901245
1505144561.0825243, -1.2290076335877862, 5.091603053435114, 8.13740458015267, 225.5016565322876
1505144561.1994586, -3.2748091603053435, 1.984732824427481, 7.603053435114504, 245.19778490066528
1505144561.3175218, -1.717557251908397, 0.6946564885496184, 6.33587786259542, 260.9522342681885
1505144561.4365184, -0.8549618320610687, 0.7938931297709924, 4.778625954198473, 266.84021949768066
1505144561.555848, 0.6259541984732825, 0.8549618320610687, 6.648854961832061, 284.606397151947
1505144561.6762223, -1.4198473282442747, 1.4809160305343512, 6.038167938931298, 265.99791049957275
1505144561.7955203, -1.1297709923664123, -0.4732824427480916, 4.2748091603053435, 263.4955167770386
1505144561.9148297, -1.2900763358778626, 0.6259541984732825, 4.358778625954199, 265.84662199020386
1505144562.0341232, -2.33587786259542, 0.4351145038167939, 4.2748091603053435, 279.66703176498413
1505144562.154231, -2.6030534351145036, 0.07633587786259542, 3.8244274809160306, 261.90494298934937
1505144562.2734115, -1.8625954198473282, -0.5343511450381679, 3.366412213740458, 260.66192388534546
1505144562.3927073, -1.1145038167938932, -0.9007633587786259, 3.0763358778625953, 281.911826133728
1505144562.5129466, -1.1526717557251909, 0.1297709923664122, 2.9389312977099236, 261.00947856903076
1505144562.632073, -1.7786259541984732, 0.4198473282442748, 3.0, 261.7372989654541
1505144562.7513847, -2.2290076335877864, -0.5190839694656488, 2.49618320610687, 261.80272102355957
1505144562.870499, -2.068702290076336, -0.5114503816793893, 3.236641221374046, 260.5515241622925
1505144562.98952, -1.0610687022900764, 0.7404580152671756, 3.404580152671756, 261.55329942703247
1505144563.1087418, -2.381679389312977, 1.1221374045801527, 3.6412213740458017, 259.27579402923584
1505144563.2279944, -2.854961832061069, -0.7938931297709924, 2.816793893129771, 260.46974658966064
1505144563.3470035, -2.6106870229007635, 0.08396946564885496, 3.900763358778626, 272.32340574264526
1505144563.4672096, 0.2900763358778626, -0.5114503816793893, 4.961832061068702, 262.45694160461426
1505144563.5863342, 0.22137404580152673, -2.0381679389312977, 7.9465648854961835, 261.25890016555786
1505144563.7056615, 2.381679389312977, -4.122137404580153, 5.2748091603053435, 263.6876940727234
1505144563.824837, -2.6030534351145036, -1.4809160305343512, 8.099236641221374, 258.07366371154785
1505144563.9439957, -6.648854961832061, 1.099236641221374, 4.305343511450381, 256.9941997528076
1505144564.062771, -1.4732824427480915, 2.5267175572519083, 5.9465648854961835, 255.47722578048706
1505144564.1818025, -4.526717557251908, -2.3053435114503817, 7.770992366412214, 254.18514013290405
1505144564.300566, -3.068702290076336, -1.282442748091603, 7.114503816793893, 256.56895637512207
1505144564.4196353, -1.9236641221374047, 0.9618320610687023, 8.450381679389313, 255.14193773269653
1505144564.5383475, 0.12213740458015267, -0.16793893129770993, 4.916030534351145, 253.8171410560608
1505144564.6574628, -3.2977099236641223, 2.015267175572519, 7.5038167938931295, 253.7067413330078
1505144564.776106, 2.2595419847328246, 1.6946564885496183, 12.854961832061068, 252.59047746658325
1505144564.8946502, 0.183206106870229, 1.1755725190839694, 12.50381679389313, 249.15173053741455
1505144565.0130496, -3.2442748091603053, -2.1603053435114505, 8.755725190839694, 254.58176136016846
1505144565.131996, -4.916030534351145, -0.26717557251908397, 9.351145038167939, 251.3188362121582
1505144565.2507234, -5.33587786259542, -3.1755725190839694, 12.427480916030534, 249.38888549804688
1505144565.369084, -6.068702290076335, -1.984732824427481, 13.50381679389313, 249.20897483825684
1505144565.4879138, -1.748091603053435, -0.4732824427480916, 11.198473282442748, 245.99920511245728
1505144565.6060748, -2.5419847328244276, 5.793893129770993, 11.816793893129772, 244.9851632118225
1505144565.7244463, -2.366412213740458, 4.786259541984733, 10.488549618320612, 245.16916275024414
1505144565.8427737, -0.9236641221374046, 3.801526717557252, 7.755725190839694, 245.9828495979309
1505144565.9610038, -3.0076335877862594, 2.3740458015267176, 4.877862595419847, 245.84791660308838
1505144566.079175, -1.7938931297709924, 3.045801526717557, 3.648854961832061, 246.6902256011963
1505144566.1973474, -1.6030534351145038, 0.21374045801526717, 3.381679389312977, 244.02427673339844
1505144566.3153818, -1.2748091603053435, 1.549618320610687, 5.847328244274809, 243.86481046676636
1505144566.4333756, 0.549618320610687, 0.17557251908396945, 6.3816793893129775, 242.22925901412964
1505144566.5515594, 1.9312977099236641, 0.916030534351145, 9.01526717557252, 244.02018785476685
1505144566.6697178, -0.7022900763358778, 1.1908396946564885, 9.061068702290076, 246.02782726287842
1505144566.7878819, -2.33587786259542, 2.381679389312977, 9.877862595419847, 243.77894401550293
1505144566.9065073, -3.0763358778625953, 4.816793893129771, 9.427480916030534, 244.87885236740112
1505144567.0249345, 0.33587786259541985, 2.7480916030534353, 11.86259541984733, 244.86658573150635
1505144567.1434844, -1.5190839694656488, 0.17557251908396945, 10.290076335877863, 245.0914740562439
1505144567.261905, -1.534351145038168, 1.3893129770992367, 8.068702290076336, 243.33325624465942
1505144567.3799818, -2.5572519083969465, 0.5114503816793893, 8.274809160305344, 243.83618831634521
1505144567.4980474, -2.9236641221374047, 1.6564885496183206, 7.213740458015267, 231.577730178833
1505144567.6154168, -1.8854961832061068, 1.7938931297709924, 9.351145038167939, 245.0832962989807
1505144567.7338107, 0.2366412213740458, 0.2595419847328244, 11.564885496183207, 233.88794660568237
1505144567.8518233, -2.3206106870229006, 0.8244274809160306, 9.206106870229007, 214.39217329025269
1505144567.9681761, -2.969465648854962, 0.648854961832061, 8.053435114503817, 232.45683908462524
1505144568.0855927, -0.6793893129770993, -0.4580152671755725, 8.34351145038168, 231.14430904388428
1505144568.2032063, -1.8931297709923665, -1.3358778625954197, 5.755725190839694, 243.6889886856079
1505144568.321335, -2.282442748091603, 0.9236641221374046, 6.198473282442748, 213.76248598098755
1505144568.4378982, -1.7786259541984732, -0.35877862595419846, 7.656488549618321, 210.38098335266113
1505144568.5539978, -3.9083969465648853, -0.6259541984732825, 5.083969465648855, 212.54808902740479
1505144568.6704867, -2.66412213740458, 1.015267175572519, 5.442748091603053, 244.8952078819275
1505144568.7885776, -1.4580152671755726, 0.8320610687022901, 5.183206106870229, 244.4454312324524
1505144568.906661, -4.633587786259542, 0.022900763358778626, 5.114503816793893, 245.22231817245483
1505144569.0250492, -7.564885496183206, -1.3053435114503817, 5.267175572519084, 245.21005153656006
1505144569.1432884, 0.1297709923664122, 0.3969465648854962, 8.534351145038167, 244.7929859161377
1505144569.2616374, -1.7251908396946565, -0.007633587786259542, 9.748091603053435, 244.5885419845581
1505144569.3797302, -1.5648854961832062, 1.2061068702290076, 6.938931297709924, 243.9956545829773
1505144569.4983783, -0.10687022900763359, 2.3893129770992365, 7.694656488549619, 229.79906797409058
1505144569.615612, -2.732824427480916, 2.4122137404580153, 10.687022900763358, 227.30894088745117
1505144569.7326984, -3.0229007633587788, -0.9389312977099237, 9.49618320610687, 243.5908555984497
1505144569.8509772, -2.687022900763359, -1.1984732824427482, 8.938931297709924, 123.39417934417725
1505144569.9620273, -11.236641221374045, -3.0839694656488548, 10.267175572519085, 121.79951667785645
1505144570.0732174, -2.786259541984733, 1.3511450381679388, 8.32824427480916, 121.46013975143433
1505144570.1841943, -2.687022900763359, 2.33587786259542, 9.358778625954198, 119.6324110031128
1505144570.2951446, -1.8625954198473282, 1.1984732824427482, 9.312977099236642, 118.3853030204773
1505144570.4061556, -1.5190839694656488, 1.6488549618320612, 8.770992366412214, 118.14814805984497
1505144570.5168583, -3.435114503816794, -0.05343511450381679, 7.572519083969466, 117.20361709594727
1505144570.6275542, -1.2595419847328244, 0.10687022900763359, 9.534351145038167, 116.23455286026001
1505144570.7382476, -1.9236641221374047, 0.15267175572519084, 9.694656488549619, 116.52895212173462
1505144570.8488927, -3.450381679389313, -1.6870229007633588, 7.625954198473282, 116.26726388931274
1505144570.959807, -2.4656488549618323, -2.854961832061069, 7.862595419847328, 113.5972261428833
1505144571.0702581, -4.122137404580153, -0.8549618320610687, 6.854961832061068, 113.67082595825195
1505144571.1807683, -3.2290076335877864, 2.954198473282443, 5.908396946564886, 113.41731548309326
1505144571.2911694, -2.480916030534351, 1.633587786259542, 6.419847328244275, 113.93251419067383
1505144571.4015915, -4.312977099236641, -0.732824427480916, 6.244274809160306, 112.71402835845947
1505144571.512312, -3.7557251908396947, -1.8015267175572518, 5.358778625954199, 112.50549554824829
1505144571.6226442, -1.6106870229007633, 1.5648854961832062, 6.251908396946565, 110.97216606140137
1505144571.7328978, -0.5114503816793893, -0.4198473282442748, 6.083969465648855, 111.9044303894043
1505144571.8433185, -1.6106870229007633, -0.40458015267175573, 7.068702290076335, 110.56327819824219
1505144571.9536097, -2.4427480916030535, -0.2900763358778626, 9.068702290076336, 110.13803482055664
1505144572.0638156, -4.343511450381679, -1.2442748091603053, 9.488549618320612, 109.25074815750122
1505144572.1739683, -4.770992366412214, -3.7938931297709924, 10.15267175572519, 107.9177737236023
1505144572.2840416, -0.9007633587786259, -1.2061068702290076, 9.580152671755725, 107.87688493728638
1505144572.3941073, -1.702290076335878, 1.9465648854961832, 9.221374045801527, 107.79919624328613
1505144572.5041788, -0.7862595419847328, 2.053435114503817, 10.664122137404581, 106.25360012054443
1505144572.6142704, -0.9694656488549618, 1.5267175572519085, 8.183206106870228, 105.58711290359497
1505144572.7243469, -2.435114503816794, 0.33587786259541985, 8.648854961832061, 105.51760196685791
1505144572.8342705, -0.9389312977099237, 2.5419847328244276, 8.13740458015267, 103.9270281791687
1505144572.9441433, -1.7938931297709924, -0.6946564885496184, 7.519083969465649, 103.75938415527344
1505144573.0541327, -3.2213740458015265, 1.3358778625954197, 7.793893129770993, 103.2319188117981
1505144573.1640341, -3.0916030534351147, 4.152671755725191, 10.282442748091603, 103.35867404937744
1505144573.2741334, -4.885496183206107, 1.251908396946565, 10.083969465648854, 102.38960981369019
1505144573.3839273, -3.33587786259542, 1.0916030534351144, 8.618320610687023, 101.86214447021484
1505144573.4937336, -0.19083969465648856, 0.3435114503816794, 10.0, 100.73361396789551
1505144573.6033762, -3.0763358778625953, 3.2748091603053435, 7.938931297709924, 101.17521286010742
1505144573.7133968, -3.5267175572519083, -0.007633587786259542, 8.16030534351145, 100.92988014221191
1505144573.8231044, -1.8396946564885497, 1.6793893129770991, 5.969465648854962, 99.82997179031372
1505144573.9329188, -4.175572519083969, 0.6641221374045801, 5.9541984732824424, 100.13254880905151
1505144574.0428605, -2.3435114503816794, -0.22900763358778625, 6.778625954198473, 100.37379264831543
1505144574.1525652, -0.6259541984732825, -1.366412213740458, 5.969465648854962, 99.43743944168091
1505144574.2627103, -1.0610687022900764, 0.9923664122137404, 7.091603053435114, 99.5928168296814
1505144574.3723707, -2.816793893129771, -1.16793893129771, 4.603053435114504, 99.45788383483887
1505144574.4820738, -3.5877862595419847, -0.04580152671755725, 4.343511450381679, 99.3924617767334
1505144574.592016, -1.83206106870229, 0.9923664122137404, 4.923664122137405, 99.21663999557495
1505144574.7016108, -3.2213740458015265, -2.2748091603053435, 5.419847328244275, 98.6973524093628
1505144574.8111932, -4.473282442748092, -0.4580152671755725, 5.068702290076335, 99.51103925704956
1505144574.9210885, 0.1984732824427481, 2.595419847328244, 7.061068702290076, 98.66464138031006
1505144575.0306723, -4.1679389312977095, 1.4732824427480915, 8.145038167938932, 98.56241941452026
1505144575.1404037, -1.297709923664122, -0.10687022900763359, 7.465648854961832, 98.42748641967773
1505144575.2499897, -5.526717557251908, -3.0916030534351147, 7.083969465648855, 98.58286380767822
1505144575.359523, -3.3206106870229006, 0.26717557251908397, 8.732824427480915, 98.41521978378296
1505144575.469219, -2.1526717557251906, -1.816793893129771, 10.48091603053435, 97.7446436882019
1505144575.5790408, -4.763358778625954, -1.6030534351145038, 10.221374045801527, 97.48704433441162
1505144575.688578, -2.5343511450381677, -1.8931297709923665, 12.022900763358779, 97.70784378051758
1505144575.7981095, -0.48854961832061067, -2.2977099236641223, 12.030534351145038, 97.0004677772522
1505144575.9078436, -1.7633587786259541, -0.42748091603053434, 8.954198473282442, 97.04135656356812
1505144576.0173135, 0.45038167938931295, 1.0229007633587786, 7.251908396946565, 96.62429094314575
1505144576.126732, -3.854961832061069, -3.5877862595419847, 7.068702290076335, 96.81237936019897
1505144576.2364738, -5.778625954198473, -2.2748091603053435, 8.244274809160306, 96.57522439956665
1505144576.3463564, -2.6030534351145036, -3.068702290076336, 6.358778625954199, 96.34215831756592
1505144576.4559376, -2.0076335877862594, 0.3435114503816794, 6.809160305343512, 96.2031364440918
1505144576.5653772, -0.8625954198473282, 2.3740458015267176, 9.534351145038167, 95.81469297409058
1505144576.6749585, -2.3587786259541983, -1.2442748091603053, 8.305343511450381, 95.89647054672241
1505144576.7846723, -2.1374045801526718, 1.0, 7.152671755725191, 95.69611549377441
1505144576.8940408, -3.3053435114503817, -1.916030534351145, 9.442748091603054, 95.65931558609009
1505144577.0036986, -0.17557251908396945, -0.7251908396946565, 7.145038167938932, 95.0050950050354
1505144577.113043, -2.2595419847328246, -1.748091603053435, 5.480916030534351, 96.07638120651245
1505144577.2227342, -2.732824427480916, -0.030534351145038167, 6.106870229007634, 94.84153985977173
1505144577.3321114, -1.83206106870229, 1.0305343511450382, 6.244274809160306, 94.79656219482422
1505144577.4414434, -2.9160305343511452, 0.8778625954198473, 6.022900763358779, 94.59211826324463
1505144577.5512338, -2.2748091603053435, -1.297709923664122, 5.068702290076335, 95.45896053314209
1505144577.6606364, -3.7709923664122136, 1.9389312977099236, 4.969465648854962, 95.74518203735352
1505144577.770326, -2.2595419847328246, -0.2900763358778626, 4.183206106870229, 95.82287073135376
1505144577.8798761, -1.8015267175572518, 0.3053435114503817, 4.580152671755725, 93.79887580871582
1505144577.9894586, -2.5114503816793894, -1.3206106870229009, 5.137404580152672, 95.02145051956177
1505144578.098801, -1.5038167938931297, 0.09923664122137404, 4.824427480916031, 94.8538064956665
1505144578.2084188, -1.8549618320610688, 1.0076335877862594, 3.8396946564885495, 95.18500566482544
1505144578.317813, -1.6641221374045803, 0.25190839694656486, 4.534351145038168, 94.93558406829834
1505144578.4274256, -2.16793893129771, 0.7557251908396947, 2.4198473282442747, 94.33043003082275
1505144578.5370166, -2.068702290076336, -0.2900763358778626, 2.7786259541984735, 94.22411918640137
1505144578.6463587, -3.7404580152671754, 1.5038167938931297, 3.015267175572519, 93.95425319671631
1505144578.7561197, -0.5267175572519084, 1.6259541984732824, 2.198473282442748, 94.75976228713989
1505144578.8654687, -1.9618320610687023, -1.4885496183206106, 2.969465648854962, 94.5103406906128
1505144578.9750986, -0.549618320610687, -2.2748091603053435, 2.900763358778626, 94.42447423934937
1505144579.0845466, 0.25190839694656486, 0.09923664122137404, 3.7480916030534353, 95.56527137756348
1505144579.19418, -1.5114503816793894, 2.1755725190839694, 4.083969465648855, 93.91745328903198
1505144579.3035004, -2.5114503816793894, -0.04580152671755725, 5.679389312977099, 93.78252029418945
1505144579.4128153, -0.9847328244274809, 0.05343511450381679, 1.9694656488549618, 93.00563335418701
1505144579.5223517, -0.5877862595419847, 0.5038167938931297, 5.015267175572519, 85.75196266174316
1505144579.6311622, -0.9465648854961832, 0.549618320610687, 5.3816793893129775, 94.207763671875
1505144579.7407136, -2.633587786259542, 1.4885496183206106, 4.709923664122138, 87.93951272964478
1505144579.8496478, -1.9236641221374047, -0.48854961832061067, 5.648854961832061, 93.84794235229492
1505144579.9593925, -1.0916030534351144, -3.9083969465648853, 5.625954198473282, 93.65167617797852
1505144580.0686622, -5.824427480916031, -2.6564885496183206, 6.908396946564886, 93.11603307723999
1505144580.1781883, -1.0687022900763359, -4.244274809160306, 7.022900763358779, 94.66571807861328
1505144580.2876465, 1.9465648854961832, -1.702290076335878, 6.442748091603053, 94.63709592819214
1505144580.3972836, 1.8244274809160306, -1.1297709923664123, 8.022900763358779, 86.63516044616699
1505144580.5061634, 0.5954198473282443, -5.603053435114504, 11.801526717557252, 97.65877723693848
1505144580.615716, -0.6335877862595419, 1.2748091603053435, 8.083969465648854, 95.01327276229858
1505144580.7251115, -5.00763358778626, -0.16793893129770993, 7.022900763358779, 99.63370561599731
1505144580.8346996, -4.541984732824427, 0.5419847328244275, 8.17557251908397, 94.0114974975586
1505144580.9442694, -4.1679389312977095, -0.3053435114503817, 6.740458015267175, 95.36900520324707
1505144581.0536518, 1.9389312977099236, 4.374045801526718, 6.709923664122138, 95.05007266998291
1505144581.1631284, 0.40458015267175573, -0.5572519083969466, 6.259541984732825, 95.4058051109314
1505144581.2725375, -13.633587786259541, -8.335877862595419, 8.778625954198473, 95.66340446472168
1505144581.3822763, 5.236641221374046, 13.961832061068701, 20.9618320610687, 92.03656911849976
1505144581.491571, 0.5954198473282443, 2.6564885496183206, 14.13740458015267, 80.48139810562134
1505144581.6000862, 3.8091603053435112, -7.404580152671755, 17.763358778625953, 83.86698961257935
1505144581.7091575, -0.17557251908396945, -1.6946564885496183, 20.076335877862597, 85.01187562942505
1505144581.8179152, -2.900763358778626, 1.8015267175572518, 10.16793893129771, 88.0744457244873
1505144581.9271412, -8.625954198473282, 1.3282442748091603, 9.816793893129772, 86.14449501037598
1505144582.035966, -1.5954198473282444, 2.068702290076336, 8.587786259541986, 84.12050008773804
1505144582.1449625, -1.183206106870229, 3.1603053435114505, 14.549618320610687, 80.7962417602539
1505144582.2535212, 0.6106870229007634, 8.34351145038168, 19.954198473282442, 82.73437023162842
1505144582.3622532, 2.236641221374046, 2.6412213740458017, 16.015267175572518, 72.63892889022827
1505144582.470591, -3.8244274809160306, 2.2900763358778624, 16.633587786259543, 75.77509880065918
1505144582.5788445, -4.404580152671755, -3.549618320610687, 14.320610687022901, 73.4239935874939
1505144582.6874728, 2.7480916030534353, -2.1374045801526718, 10.145038167938932, 63.71699571609497
1505144582.7950444, -3.5114503816793894, -0.12213740458015267, 6.816793893129771, 64.37939405441284
1505144582.902939, 3.648854961832061, 0.8396946564885496, 16.587786259541986, 63.6025071144104
1505144583.010444, 1.9770992366412214, 8.977099236641221, 19.3206106870229, 74.37670230865479
1505144583.118839, -3.687022900763359, -7.305343511450381, 14.022900763358779, 73.1704831123352
1505144583.226919, 1.4961832061068703, 3.1755725190839694, 15.274809160305344, 58.73674154281616
1505144583.3341775, 1.2366412213740459, -8.114503816793894, 6.587786259541985, 56.89265727996826
1505144583.441563, -5.0458015267175576, -9.229007633587786, 11.633587786259541, 54.59061861038208
1505144583.548685, 0.8625954198473282, -10.572519083969466, 13.977099236641221, 101.2856125831604
1505144583.6587117, 0.05343511450381679, 1.9236641221374047, 10.290076335877863, 106.0246229171753
1505144583.7687464, 4.854961832061068, 0.45038167938931295, 19.954198473282442, 51.38084888458252
1505144583.8756747, 3.801526717557252, -1.8244274809160306, 8.580152671755725, 110.08896827697754
1505144583.9861674, 5.603053435114504, 15.099236641221374, 11.076335877862595, 48.65356683731079
1505144584.0928237, -5.969465648854962, 3.0916030534351147, 11.625954198473282, 48.61267805099487
1505144584.1997585, -11.908396946564885, -10.916030534351146, 28.30534351145038, 42.066383361816406
1505144584.3060176, 1.4885496183206106, -13.129770992366412, 18.3206106870229, 38.70941400527954
1505144584.412172, -12.65648854961832, -5.435114503816794, 14.549618320610687, 37.351906299591064
1505144584.5181227, 4.267175572519084, -24.27480916030534, 10.648854961832061, 35.99439859390259
1505144584.6243536, -15.061068702290076, -17.27480916030534, 5.580152671755725, 33.83547067642212
1505144584.7302954, 0.7633587786259542, 10.320610687022901, 10.053435114503817, 29.689347743988037
1505144584.8358672, -10.17557251908397, 9.610687022900763, 19.106870229007633, 27.28099822998047
1505144584.9415383, 17.0, -1.6564885496183206, 19.549618320610687, 25.252914428710938
1505144585.0468135, 6.244274809160306, 11.702290076335878, -0.4198473282442748, 23.085808753967285
1505144585.1525164, -6.877862595419847, -0.08396946564885496, -18.374045801526716, 20.996391773223877
1505144585.2575552, -8.19083969465649, 2.9236641221374047, -31.49618320610687, 20.1377272605896
1505144585.3627906, -8.740458015267176, 4.977099236641221, -0.05343511450381679, 20.657014846801758
1505144585.4678133, 4.175572519083969, -5.9541984732824424, 2.7557251908396947, 20.975947380065918
1505144585.5735195, 8.793893129770993, -2.946564885496183, 6.129770992366412, 21.454346179962158
1505144585.678607, 2.7709923664122136, 17.541984732824428, -9.50381679389313, 21.102702617645264
1505144585.7839587, -11.83206106870229, -28.229007633587788, -17.755725190839694, 20.558881759643555
1505144585.8891013, -19.03053435114504, 58.274809160305345, -6.572519083969466, 20.951414108276367
1505144585.994438, -5.137404580152672, 10.045801526717558, 0.9694656488549618, 20.95959186553955
1505144586.0994477, -1.8091603053435115, 1.5801526717557253, -0.7022900763358778, 21.016836166381836
1505144586.2047622, -1.1450381679389312, -1.3893129770992367, -0.5648854961832062, 20.812392234802246
1505144586.309913, -1.3435114503816794, -0.5572519083969466, -0.5343511450381679, 20.943236351013184
1505144586.4151356, -1.5725190839694656, 0.10687022900763359, -0.6564885496183206, 21.041369438171387
1505144586.5204725, -1.5801526717557253, 0.3816793893129771, -0.7251908396946565, 21.02501392364502
1505144586.6255023, -1.366412213740458, 0.48854961832061067, -0.648854961832061, 20.971858501434326
1505144586.730814, -1.4274809160305344, 0.366412213740458, -0.549618320610687, 20.971858501434326
1505144586.8358903, -1.2366412213740459, 0.9236641221374046, -0.5801526717557252, 21.033191680908203
1505144586.9412584, -1.4961832061068703, 0.7480916030534351, -0.7022900763358778, 20.988214015960693
1505144587.0463412, -1.4580152671755726, 0.7633587786259542, -0.5267175572519084, 20.996391773223877
1505144587.15158, -1.5801526717557253, 0.6412213740458015, -0.5419847328244275, 21.02501392364502
1505144587.2569034, -1.534351145038168, 0.7786259541984732, -0.5267175572519084, 20.91461420059204
